SNP,CHR,BP,NMISS,BETA,SE,R2,T,P
rs6062298,20,62301970,66246,-0.02186,0.00291,0.0008512,-7.512,5.881e-14
rs2267844,3,48591481,66246,0.000487,0.002701,4.908e-07,0.1803,0.8569
rs11720964,3,49336232,66201,0.008667,0.002668,0.0001594,3.249,0.00116
rs3825080,12,57871555,66270,0.0007648,0.003413,7.575e-07,0.224,0.8227
rs12023499,1,155031376,66278,0.002807,0.003318,1.08e-05,0.8461,0.3975
rs10889668,1,67661244,66234,0.0222,0.003865,0.0004976,5.742,9.389e-09
rs6669582,1,67730055,66273,-0.05472,0.002871,0.00545,-19.06,9.615e-81
rs4149274,9,107639414,66237,0.003694,0.002851,2.533e-05,1.295,0.1952
rs13332952,16,50751972,66225,-0.02413,0.002807,0.001115,-8.597,8.384e-18
rs10468064,15,78158893,66276,0.0008749,0.005651,3.617e-07,0.1548,0.877
rs2858324,6,32660375,65951,-0.0004518,0.002708,4.222e-07,-0.1669,0.8675
rs9469220,6,32658310,66274,-0.01764,0.002633,0.0006764,-6.697,2.139e-11
rs2158562,7,71585126,66270,-0.002055,0.002795,8.154e-06,-0.7351,0.4623
rs2097431,6,32590833,66257,0.02458,0.002761,0.001195,8.905,5.481e-19
rs9271588,6,32590953,66275,-0.01733,0.002652,0.0006441,-6.536,6.371e-11
rs114508509,6,32596324,66241,0.01488,0.003675,0.0002475,4.05,5.131e-05
rs2097431,6,32590833,66257,0.02458,0.002761,0.001195,8.905,5.481e-19
rs9271588,6,32590953,66275,-0.01733,0.002652,0.0006441,-6.536,6.371e-11
rs2239526,6,31509432,66272,0.0001176,0.003054,2.238e-08,0.03851,0.9693
rs17072871,13,81161098,66269,-0.002235,0.003172,7.489e-06,-0.7045,0.4811
rs10889668,1,67661244,66234,0.0222,0.003865,0.0004976,5.742,9.389e-09
rs1044043,6,32793981,66277,-0.001262,0.003229,2.304e-06,-0.3907,0.696
rs241424,6,32804934,66275,-0.0001243,0.00267,3.271e-08,-0.04656,0.9629
rs17496307,6,32401036,66144,0.01665,0.0042,0.0002377,3.965,7.34e-05
rs3135377,6,32385399,66278,0.004499,0.003303,2.799e-05,1.362,0.1732
rs3135392,6,32409242,66280,0.000717,0.002717,1.05e-06,0.2639,0.7919
rs3177928,6,32412435,66137,0.01263,0.003771,0.0001696,3.349,0.0008114
rs3763312,6,32376348,66186,-0.01728,0.00329,0.0004166,-5.252,1.507e-07
rs17496307,6,32401036,66144,0.01665,0.0042,0.0002377,3.965,7.34e-05
rs2294883,6,32367451,66278,0.02555,0.003419,0.0008419,7.473,7.925e-14
rs3135377,6,32385399,66278,0.004499,0.003303,2.799e-05,1.362,0.1732
rs3763312,6,32376348,66186,-0.01728,0.00329,0.0004166,-5.252,1.507e-07
rs2073048,6,32335433,66277,-0.00859,0.003874,7.417e-05,-2.217,0.02661
rs2143466,6,32309323,66276,0.006517,0.002663,9.038e-05,2.447,0.01439
rs6904636,6,32327781,66253,0.006309,0.002685,8.335e-05,2.35,0.01878
rs9268199,6,32278635,66272,0.008606,0.003442,9.433e-05,2.5,0.01241
rs9391858,6,32341398,66274,0.01138,0.003736,0.0001401,3.047,0.002313
rs1475961,6,32194609,66276,-0.01127,0.002718,0.0002592,-4.145,3.399e-05
rs3134931,6,32190620,66280,0.01037,0.002876,0.000196,3.605,0.0003124
rs454748,6,32213210,66267,0.01253,0.002619,0.0003453,4.784,1.72e-06
rs592229,6,31930441,66276,0.00825,0.00266,0.0001452,3.102,0.001924
rs62431928,6,159522109,66277,-0.002441,0.004999,3.597e-06,-0.4883,0.6254
rs1475961,6,32194609,66276,-0.01127,0.002718,0.0002592,-4.145,3.399e-05
rs454748,6,32213210,66267,0.01253,0.002619,0.0003453,4.784,1.72e-06
rs6038577,20,6660393,66276,0.004544,0.00542,1.061e-05,0.8384,0.4018
rs9391858,6,32341398,66274,0.01138,0.003736,0.0001401,3.047,0.002313
rs4538243,2,51837560,66276,8.184e-05,0.002942,1.168e-08,0.02782,0.9778
rs7764856,6,32680640,65960,-0.00882,0.002829,0.0001473,-3.117,0.001826
rs2621377,6,32763110,66277,-0.006112,0.002696,7.756e-05,-2.267,0.02338
rs719654,6,32752139,66113,0.01203,0.003194,0.0002146,3.767,0.0001652
rs12117400,1,215685194,66255,-0.0007147,0.004924,3.18e-07,-0.1451,0.8846
rs2858324,6,32660375,65951,-0.0004518,0.002708,4.222e-07,-0.1669,0.8675
rs7764856,6,32680640,65960,-0.00882,0.002829,0.0001473,-3.117,0.001826
rs9469220,6,32658310,66274,-0.01764,0.002633,0.0006764,-6.697,2.139e-11
rs2284190,6,32819517,66268,0.00463,0.003958,2.065e-05,1.17,0.2421
rs11928941,3,118964643,66280,-0.004698,0.005775,9.985e-06,-0.8135,0.4159
rs2621377,6,32763110,66277,-0.006112,0.002696,7.756e-05,-2.267,0.02338
rs719654,6,32752139,66113,0.01203,0.003194,0.0002146,3.767,0.0001652
rs1048709,6,31914935,66280,0.02308,0.003397,0.0006959,6.794,1.103e-11
rs2072633,6,31919578,66272,0.009059,0.002667,0.0001741,3.397,0.0006821
rs537160,6,31916400,66275,0.003081,0.002823,1.797e-05,1.091,0.2751
rs4753064,11,88151475,66162,-0.002956,0.002859,1.615e-05,-1.034,0.3012
rs252152,5,141445774,66266,-0.004471,0.002836,3.75e-05,-1.576,0.1149
rs6669582,1,67730055,66273,-0.05472,0.002871,0.00545,-19.06,9.615e-81
rs2843837,8,37050143,66272,-7.548e-05,0.003232,8.231e-09,-0.02335,0.9814
rs2197890,8,93563752,66273,0.003702,0.004461,1.039e-05,0.8299,0.4066
rs12528584,6,31011845,66280,-0.0008804,0.003465,9.738e-07,-0.2541,0.7995
rs2270395,16,50846832,66248,-0.01741,0.00316,0.0004578,-5.508,3.634e-08
