SNP,gene
rs10203131,ENSG00000229066
rs10203131,ENSG00000223976
rs1044043,ENSG00000204267
rs10468064,ENSG00000169783
rs10468064,ENSG00000260139
rs1048709,ENSG00000243649
rs1048709,ENSG00000244255
rs10889668,ENSG00000162594
rs10889668,ENSG00000203963
rs113366589,ENSG00000168610
rs114508509,ENSG00000196735
rs11555255,ENSG00000008838
rs11564148,ENSG00000188906
rs11649836,ENSG00000007174
rs11720964,ENSG00000114316
rs11928941,ENSG00000240254
rs12023499,ENSG00000143537
rs12117400,ENSG00000232809
rs12117400,ENSG00000136636
rs12174396,ENSG00000206337
rs12528584,ENSG00000261272
rs12528584,ENSG00000228789
rs12731740,ENSG00000203709
rs13332952,ENSG00000167207
rs13437088,ENSG00000225851
rs13437088,ENSG00000272221
rs1475961,ENSG00000204301
rs1475961,ENSG00000225914
rs17072871,ENSG00000202398
rs17072871,ENSG00000227862
rs17146253,ENSG00000106299
rs17168486,ENSG00000136267
rs17496307,ENSG00000204290
rs17496307,ENSG00000204287
rs2072633,ENSG00000243649
rs2073048,ENSG00000204296
rs2097431,ENSG00000196126
rs2097431,ENSG00000196735
rs2143466,ENSG00000204296
rs2158562,ENSG00000183166
rs2197890,ENSG00000253371
rs2197890,ENSG00000253634
rs2239526,ENSG00000198563
rs2267844,ENSG00000114268
rs2270395,ENSG00000261703
rs2270395,ENSG00000260042
rs2271883,ENSG00000105649
rs2271883,ENSG00000268650
rs2284190,ENSG00000168394
rs2284190,ENSG00000240065
rs2294883,ENSG00000204290
rs241424,ENSG00000204267
rs241424,ENSG00000250264
rs252152,ENSG00000250347
rs252152,ENSG00000131507
rs2621377,ENSG00000232629
rs2621377,ENSG00000241106
rs2843837,ENSG00000253650
rs2843837,ENSG00000253123
rs2858324,ENSG00000179344
rs2858324,ENSG00000235040
rs2979655,ENSG00000147316
rs3094187,ENSG00000137310
rs3134931,ENSG00000204301
rs3135377,ENSG00000204290
rs3135377,ENSG00000204287
rs3135392,ENSG00000204287
rs3177928,ENSG00000204287
rs3763312,ENSG00000204290
rs3763312,ENSG00000204287
rs3825080,ENSG00000123329
rs4149274,ENSG00000165029
rs4538243,ENSG00000231918
rs454748,ENSG00000204301
rs454748,ENSG00000225914
rs4677722,ENSG00000188958
rs4753064,ENSG00000249489
rs4753064,ENSG00000168959
rs537160,ENSG00000243649
rs537160,ENSG00000244255
rs592229,ENSG00000204351
rs6038577,ENSG00000229876
rs6038577,ENSG00000228482
rs6062298,ENSG00000026036
rs6062298,ENSG00000258366
rs62431928,ENSG00000226032
rs62431928,ENSG00000224478
rs6669582,ENSG00000162594
rs6669582,ENSG00000252116
rs6848311,ENSG00000251165
rs6904636,ENSG00000204296
rs71536153,ENSG00000237541
rs719654,ENSG00000232629
rs719654,ENSG00000241106
rs7564732,ENSG00000119778
rs7725639,ENSG00000265615
rs7725639,ENSG00000199552
rs7764856,ENSG00000235040
rs7764856,ENSG00000232080
rs78419161,ENSG00000170525
rs881035,ENSG00000133961
rs9268199,ENSG00000204296
rs9271588,ENSG00000196126
rs9271588,ENSG00000196735
rs9292764,ENSG00000199361
rs9292764,ENSG00000265615
rs9391858,ENSG00000204296
rs9391858,ENSG00000228962
rs9469220,ENSG00000179344
rs9469220,ENSG00000235040
